{
  "client_name": {
    "precision": 0.7142857142857143,
    "recall": 0.625,
    "f1-score": 0.6666666666666666,
    "support": 40,
    "confused_with": {
      "address_street": 4
    }
  },
  "address_city": {
    "precision": 0.75,
    "recall": 0.7058823529411765,
    "f1-score": 0.7272727272727272,
    "support": 17,
    "confused_with": {
      "address_street": 2
    }
  },
  "address_street": {
    "precision": 0.851063829787234,
    "recall": 0.7407407407407407,
    "f1-score": 0.7920792079207921,
    "support": 54,
    "confused_with": {
      "client_name": 8
    }
  },
  "address_number": {
    "precision": 1.0,
    "recall": 0.9166666666666666,
    "f1-score": 0.9565217391304348,
    "support": 12,
    "confused_with": {}
  },
  "toppings": {
    "precision": 1.0,
    "recall": 1.0,
    "f1-score": 1.0,
    "support": 25,
    "confused_with": {}
  },
  "pizza_amount": {
    "precision": 0.88,
    "recall": 1.0,
    "f1-score": 0.9361702127659575,
    "support": 22,
    "confused_with": {}
  },
  "time_slot": {
    "precision": 1.0,
    "recall": 1.0,
    "f1-score": 1.0,
    "support": 18,
    "confused_with": {}
  },
  "pizza_size": {
    "precision": 0.9302325581395349,
    "recall": 0.9523809523809523,
    "f1-score": 0.9411764705882352,
    "support": 42,
    "confused_with": {
      "pizza_type": 1
    }
  },
  "phone_number": {
    "precision": 1.0,
    "recall": 1.0,
    "f1-score": 1.0,
    "support": 6,
    "confused_with": {}
  },
  "pizza_type": {
    "precision": 0.9863013698630136,
    "recall": 1.0,
    "f1-score": 0.993103448275862,
    "support": 72,
    "confused_with": {}
  },
  "micro avg": {
    "precision": 0.9063545150501672,
    "recall": 0.8798701298701299,
    "f1-score": 0.8929159802306424,
    "support": 308
  },
  "macro avg": {
    "precision": 0.9111883472075497,
    "recall": 0.8940670712729537,
    "f1-score": 0.9012990472620676,
    "support": 308
  },
  "weighted avg": {
    "precision": 0.9016959138049893,
    "recall": 0.8798701298701299,
    "f1-score": 0.8893163826266559,
    "support": 308
  },
  "accuracy": 0.9692101740294511
}