{
  "config": [
    [
      0.8630474300707099
    ],
    [
      0.9120309356923738
    ]
  ],
  "config2": [
    [
      0.8820529711726481
    ],
    [
      0.9122348836955475
    ]
  ],
  "config3": [
    [
      0.8155695972181253
    ],
    [
      0.8723497317126445
    ]
  ]
}