{
  "client_name": {
    "precision": 0.9090909090909091,
    "recall": 0.75,
    "f1-score": 0.821917808219178,
    "support": 40,
    "confused_with": {
      "address_city": 1
    }
  },
  "address_city": {
    "precision": 0.8666666666666667,
    "recall": 0.7647058823529411,
    "f1-score": 0.8125,
    "support": 17,
    "confused_with": {
      "client_name": 2,
      "address_street": 2
    }
  },
  "address_street": {
    "precision": 0.9259259259259259,
    "recall": 0.9259259259259259,
    "f1-score": 0.9259259259259259,
    "support": 54,
    "confused_with": {
      "client_name": 1
    }
  },
  "address_number": {
    "precision": 1.0,
    "recall": 1.0,
    "f1-score": 1.0,
    "support": 12,
    "confused_with": {}
  },
  "toppings": {
    "precision": 1.0,
    "recall": 1.0,
    "f1-score": 1.0,
    "support": 25,
    "confused_with": {}
  },
  "pizza_amount": {
    "precision": 0.8461538461538461,
    "recall": 1.0,
    "f1-score": 0.9166666666666666,
    "support": 22,
    "confused_with": {}
  },
  "time_slot": {
    "precision": 1.0,
    "recall": 1.0,
    "f1-score": 1.0,
    "support": 18,
    "confused_with": {}
  },
  "pizza_size": {
    "precision": 0.9761904761904762,
    "recall": 0.9761904761904762,
    "f1-score": 0.9761904761904762,
    "support": 42,
    "confused_with": {
      "pizza_type": 1
    }
  },
  "phone_number": {
    "precision": 1.0,
    "recall": 1.0,
    "f1-score": 1.0,
    "support": 6,
    "confused_with": {}
  },
  "pizza_type": {
    "precision": 0.96,
    "recall": 1.0,
    "f1-score": 0.9795918367346939,
    "support": 72,
    "confused_with": {}
  },
  "micro avg": {
    "precision": 0.9444444444444444,
    "recall": 0.9383116883116883,
    "f1-score": 0.9413680781758957,
    "support": 308
  },
  "macro avg": {
    "precision": 0.9484027824027823,
    "recall": 0.9416822284469344,
    "f1-score": 0.943279271373694,
    "support": 308
  },
  "weighted avg": {
    "precision": 0.944260890624527,
    "recall": 0.9383116883116883,
    "f1-score": 0.939566530001077,
    "support": 308
  },
  "accuracy": 0.9805890227576974
}