{
  "client_name": {
    "precision": 0.8888888888888888,
    "recall": 0.8,
    "f1-score": 0.8421052631578948,
    "support": 40,
    "confused_with": {
      "address_street": 2
    }
  },
  "address_city": {
    "precision": 1.0,
    "recall": 0.5882352941176471,
    "f1-score": 0.7407407407407407,
    "support": 17,
    "confused_with": {
      "client_name": 3,
      "address_street": 3
    }
  },
  "address_street": {
    "precision": 0.9074074074074074,
    "recall": 0.9607843137254902,
    "f1-score": 0.9333333333333333,
    "support": 51,
    "confused_with": {}
  },
  "address_number": {
    "precision": 1.0,
    "recall": 0.75,
    "f1-score": 0.8571428571428571,
    "support": 12,
    "confused_with": {
      "time_slot": 1,
      "pizza_amount": 1
    }
  },
  "toppings": {
    "precision": 1.0,
    "recall": 1.0,
    "f1-score": 1.0,
    "support": 28,
    "confused_with": {}
  },
  "pizza_amount": {
    "precision": 0.6774193548387096,
    "recall": 0.9545454545454546,
    "f1-score": 0.7924528301886793,
    "support": 22,
    "confused_with": {}
  },
  "time_slot": {
    "precision": 0.9,
    "recall": 1.0,
    "f1-score": 0.9473684210526316,
    "support": 18,
    "confused_with": {}
  },
  "pizza_size": {
    "precision": 1.0,
    "recall": 0.9705882352941176,
    "f1-score": 0.9850746268656716,
    "support": 34,
    "confused_with": {
      "pizza_type": 1
    }
  },
  "phone_number": {
    "precision": 1.0,
    "recall": 1.0,
    "f1-score": 1.0,
    "support": 6,
    "confused_with": {}
  },
  "pizza_type": {
    "precision": 0.95,
    "recall": 1.0,
    "f1-score": 0.9743589743589743,
    "support": 57,
    "confused_with": {}
  },
  "micro avg": {
    "precision": 0.9163763066202091,
    "recall": 0.9228070175438596,
    "f1-score": 0.9195804195804196,
    "support": 285
  },
  "macro avg": {
    "precision": 0.9323715651135005,
    "recall": 0.9024153297682709,
    "f1-score": 0.9072577046840783,
    "support": 285
  },
  "weighted avg": {
    "precision": 0.9266195057536313,
    "recall": 0.9228070175438596,
    "f1-score": 0.9181758249109312,
    "support": 285
  },
  "accuracy": 0.9767918088737202
}