{
  "client_name": {
    "precision": 0.0,
    "recall": 0.0,
    "f1-score": 0.0,
    "support": 40,
    "confused_with": {}
  },
  "address_city": {
    "precision": 0.0,
    "recall": 0.0,
    "f1-score": 0.0,
    "support": 17,
    "confused_with": {}
  },
  "address_street": {
    "precision": 0.0,
    "recall": 0.0,
    "f1-score": 0.0,
    "support": 54,
    "confused_with": {}
  },
  "address_number": {
    "precision": 0.0,
    "recall": 0.0,
    "f1-score": 0.0,
    "support": 12,
    "confused_with": {
      "pizza_amount": 8
    }
  },
  "toppings": {
    "precision": 0.38,
    "recall": 0.76,
    "f1-score": 0.5066666666666666,
    "support": 25,
    "confused_with": {}
  },
  "pizza_amount": {
    "precision": 0.4444444444444444,
    "recall": 0.5454545454545454,
    "f1-score": 0.4897959183673469,
    "support": 22,
    "confused_with": {}
  },
  "time_slot": {
    "precision": 1.0,
    "recall": 0.3333333333333333,
    "f1-score": 0.5,
    "support": 18,
    "confused_with": {
      "pizza_amount": 4
    }
  },
  "pizza_size": {
    "precision": 1.0,
    "recall": 0.5476190476190477,
    "f1-score": 0.7076923076923077,
    "support": 42,
    "confused_with": {
      "pizza_type": 1
    }
  },
  "phone_number": {
    "precision": 0.0,
    "recall": 0.0,
    "f1-score": 0.0,
    "support": 6,
    "confused_with": {}
  },
  "pizza_type": {
    "precision": 0.9705882352941176,
    "recall": 0.4583333333333333,
    "f1-score": 0.6226415094339622,
    "support": 72,
    "confused_with": {
      "toppings": 30
    }
  },
  "micro avg": {
    "precision": 0.6642857142857143,
    "recall": 0.30194805194805197,
    "f1-score": 0.41517857142857145,
    "support": 308
  },
  "macro avg": {
    "precision": 0.37950326797385625,
    "recall": 0.264474025974026,
    "f1-score": 0.28267964021602837,
    "support": 308
  },
  "weighted avg": {
    "precision": 0.4842861386979034,
    "recall": 0.30194805194805197,
    "f1-score": 0.3473878002372419,
    "support": 308
  },
  "accuracy": 0.8534136546184738
}